<?xml version="1.0" encoding="UTF-8"?>
<project-private xmlns="http://www.netbeans.org/ns/project-private/1">
    <editor-bookmarks xmlns="http://www.netbeans.org/ns/editor-bookmarks/2" lastBookmarkId="0"/>
    <open-files xmlns="http://www.netbeans.org/ns/projectui-open-files/2">
        <group>
            <file>file:/D:/projekty/Outside-entrance-controller/code-source/entrance-ctrl-receiver.X/melody.h</file>
            <file>file:/D:/projekty/Outside-entrance-controller/code-source/entrance-ctrl-receiver.X/inits.c</file>
            <file>file:/D:/projekty/Outside-entrance-controller/code-source/entrance-ctrl-receiver.X/entrance_rcv_logic.h</file>
            <file>file:/D:/projekty/Outside-entrance-controller/code-source/entrance-ctrl-receiver.X/manchester_decode.c</file>
            <file>file:/D:/projekty/Outside-entrance-controller/code-source/entrance-ctrl-receiver.X/manchester_decode.h</file>
            <file>file:/D:/projekty/Outside-entrance-controller/code-source/entrance-ctrl-receiver.X/entrance_rcv_logic.c</file>
        </group>
    </open-files>
</project-private>
